START TRANSACTION;

-- MariaDB dump 10.19  Distrib 10.11.6-MariaDB, for debian-linux-gnu (x86_64)
--
-- Host: localhost    Database: cinephoria
-- ------------------------------------------------------
-- Server version	11.5.2-MariaDB-ubu2404

/*!40101 SET @OLD_CHARACTER_SET_CLIENT=@@CHARACTER_SET_CLIENT */;
/*!40101 SET @OLD_CHARACTER_SET_RESULTS=@@CHARACTER_SET_RESULTS */;
/*!40101 SET @OLD_COLLATION_CONNECTION=@@COLLATION_CONNECTION */;
/*!40101 SET NAMES utf8mb4 */;
/*!40103 SET @OLD_TIME_ZONE=@@TIME_ZONE */;
/*!40103 SET TIME_ZONE='+00:00' */;
/*!40014 SET @OLD_FOREIGN_KEY_CHECKS=@@FOREIGN_KEY_CHECKS, FOREIGN_KEY_CHECKS=0 */;
/*!40101 SET @OLD_SQL_MODE=@@SQL_MODE, SQL_MODE='NO_AUTO_VALUE_ON_ZERO' */;
/*!40111 SET @OLD_SQL_NOTES=@@SQL_NOTES, SQL_NOTES=0 */;

--
-- Dumping data for table `auditorium`
--

LOCK TABLES `auditorium` WRITE;
/*!40000 ALTER TABLE `auditorium` DISABLE KEYS */;
INSERT INTO `auditorium` VALUES
(1,1,1,'Salle Nantes 1', 100,5),
(2,1,2,'Salle Nantes 2',150,7),
(3,1,3,'Salle Nantes 3',200,10),
(4,1,4,'Salle Nantes 4',80,4),
(5,2,2,'Salle Bordeaux 1',120,6),
(6,2,3,'Salle Bordeaux 2',180,9),
(7,2,4,'Salle Bordeaux 3',70,3),
(8,2,1,'Salle Bordeaux 4',90,4),
(9,3,3,'Salle Paris 1',220,11),
(10,3,4,'Salle Paris 2',85,4),
(11,3,1,'Salle Paris 3',110,5),
(12,3,2,'Salle Paris 4',140,7),
(13,4,4,'Salle Toulouse 1',75,3),
(14,4,1,'Salle Toulouse 2',95,4),
(15,4,2,'Salle Toulouse 3',130,6),
(16,4,3,'Salle Toulouse 4',190,9),
(17,5,1,'Salle Lille 1',105,5),
(18,5,2,'Salle Lille 2',145,7),
(19,5,3,'Salle Lille 3',210,10),
(20,5,4,'Salle Lille 4',78,3);
/*!40000 ALTER TABLE `auditorium` ENABLE KEYS */;
UNLOCK TABLES;

--
-- Dumping data for table `cinema`
--

LOCK TABLES `cinema` WRITE;
/*!40000 ALTER TABLE `cinema` DISABLE KEYS */;
INSERT INTO `cinema` VALUES
(1,'Ciné Nantes','1 Rue du Cinéma','Nantes','44000','0123456789','10:00-00:00'),
(2,'Ciné Bordeaux','2 Avenue des Films','Bordeaux','33000','0234567890','09:30-23:30'),
(3,'Ciné Paris','3 Boulevard du 7ème Art','Paris','75001','0345678901','10:00-01:00'),
(4,'Ciné Toulouse','4 Place du Grand Écran','Toulouse','31000','0456789012','10:30-23:00'),
(5,'Ciné Lille','5 Rue des Projecteurs','Lille','59000','0567890123','11:00-00:30');
/*!40000 ALTER TABLE `cinema` ENABLE KEYS */;
UNLOCK TABLES;

--
-- Dumping data for table `cinema_film`
--

LOCK TABLES `cinema_film` WRITE;
/*!40000 ALTER TABLE `cinema_film` DISABLE KEYS */;
INSERT INTO `cinema_film` VALUES
(1,1),
(2,1),
(3,1),
(4,1),
(1,2),
(2,2),
(3,2),
(5,2),
(1,3),
(2,3),
(4,3),
(5,3),
(1,4),
(3,4),
(4,4),
(5,4),
(2,5),
(3,5),
(4,5),
(5,5);
/*!40000 ALTER TABLE `cinema_film` ENABLE KEYS */;
UNLOCK TABLES;

--
-- Dumping data for table `film`
--

LOCK TABLES `film` WRITE;
/*!40000 ALTER TABLE `film` DISABLE KEYS */;
INSERT INTO `film` VALUES
(1, 'Matrix', 'Matrix, réalisé par les Wachowski et sorti en 1999, est un film de science-fiction révolutionnaire qui explore la nature de la réalité. L\'histoire suit Thomas Anderson, un programmeur informatique qui mène une double vie en tant que hacker sous le nom de "Neo". Troublé par des rêves étranges, il est contacté par Morpheus, un rebelle convaincu que Neo est "l\'Élu", celui qui peut libérer l\'humanité de la Matrice.\n\nLa Matrice est un univers virtuel créé par des intelligences artificielles pour contrôler les esprits humains. Après avoir choisi de prendre la pilule rouge, Neo découvre la vérité sur le monde réel et rejoint Morpheus et Trinity dans leur lutte contre les agents de la Matrice.\n\nLe film aborde des thèmes profonds tels que la liberté et le destin, tout en offrant des séquences d\'action emblématiques et des effets spéciaux novateurs. Matrix reste un classique culte et une référence dans la culture populaire.', '1999-03-31 00:00:00', 13, 0, 'assets/images/matrix.jpg'),
(2, 'Chihiro', 'Le Voyage de Chihiro, réalisé par Hayao Miyazaki et sorti en 2001, est un chef-d\'œuvre de l\'animation japonaise qui raconte l\'histoire de Chihiro, une fillette de dix ans. Alors qu\'elle se rend avec ses parents vers leur nouvelle maison, la famille se perd et découvre un tunnel mystérieux qui les mène à un parc d\'attractions abandonné. Intrigués, les parents de Chihiro commencent à manger des mets délicieux laissés à leur disposition, mais ils sont rapidement transformés en cochons.\n\nPaniquée, Chihiro se retrouve seule dans un monde magique peuplé d\'esprits et de créatures fantastiques. Pour sauver ses parents, elle doit travailler pour Yubaba, une sorcière qui contrôle cet univers étrange. Aidée par Haku, un jeune garçon énigmatique, Chihiro doit naviguer à travers des défis et des épreuves pour retrouver son identité et celle de ses parents.\n\nLe film aborde des thèmes profonds tels que la croissance personnelle, la mémoire et la lutte pour préserver son identité face aux forces oppressives. Le Voyage de Chihiro a remporté l\'Oscar du meilleur film d\'animation et est considéré comme l\'un des plus grands films d\'animation de tous les temps.', '2001-07-20 00:00:00', 7, 1, 'assets/images/chihiro.jpg'),
(3, 'Dune', 'Dune, réalisé par Denis Villeneuve et sorti en 2021, est une adaptation du célèbre roman de science-fiction de Frank Herbert. L\'histoire se déroule dans un futur lointain et suit Paul Atreides, un jeune noble dont la famille, la Maison Atreides, est plongée dans une guerre pour le contrôle de la planète Arrakis, également connue sous le nom de Dune. Arrakis est la seule source de l\'épice, une substance précieuse qui confère des capacités extraordinaires à ses utilisateurs.\n\nAlors que Paul et sa famille s\'installent sur cette planète hostile, ils doivent faire face à des complots machiavéliques orchestrés par leurs ennemis, notamment la Maison Harkonnen. Avec l\'aide de ses alliés, Paul doit naviguer à travers des dangers mortels et découvrir son destin potentiel en tant que leader et messie des Fremen, les habitants natifs d\'Arrakis.\n\nLe film aborde des thèmes profonds tels que le pouvoir, la survie et le sacrifice. Avec des visuels époustouflants et une bande sonore immersive composée par Hans Zimmer, Dune a été acclamé par la critique et a remporté plusieurs prix. Il est considéré comme un jalon dans le cinéma de science-fiction.', '2021-09-15 00:00:00', 12, 1, 'assets/images/dune.jpg'),
(4, 'Notting Hill', 'Notting Hill, réalisé par Roger Michell et sorti en 1999, est une comédie romantique emblématique qui raconte l\'histoire de William Thacker, un propriétaire de librairie à Londres. Sa vie prend un tournant inattendu lorsqu\'il rencontre Anna Scott, une célèbre actrice d\'Hollywood. Après une série de rencontres fortuites, William et Anna commencent à développer une relation amoureuse malgré les défis qui se dressent entre eux.\n\nLe film explore les thèmes de l\'amour et de la célébrité, mettant en lumière les difficultés d\'une romance entre un homme ordinaire et une star mondiale. Alors que William essaie de naviguer dans le monde glamour d\'Anna, il doit également faire face aux paparazzis et aux attentes de la société.\n\nAvec des performances charmantes de Hugh Grant et Julia Roberts, Notting Hill est devenu un classique du genre romantique. Le film est apprécié pour son humour tendre et ses dialogues mémorables, ainsi que pour sa représentation pittoresque du quartier de Notting Hill à Londres.', '1999-05-28 00:00:00', 10, 1, 'assets/images/notting_hill.jpg'),
(5, 'Pulp Fiction', 'Pulp Fiction, réalisé par Quentin Tarantino et sorti en 1994, est un film de gangsters emblématique qui raconte plusieurs histoires entrelacées se déroulant dans le monde interlope de Los Angeles. Les personnages principaux incluent Vincent Vega et Jules Winnfield, deux tueurs à gages travaillant pour le gangster Marcellus Wallace. Le film explore diverses situations impliquant ces personnages, allant d’une overdose accidentelle à un combat de boxe truqué, en passant par des conversations philosophiques sur les hamburgers et les passages bibliques.\n\nLe film s’ouvre sur un couple de petits criminels, Pumpkin et Honey Bunny, qui décident de braquer un restaurant. La scène coupe brusquement pour suivre Vincent et Jules alors qu’ils discutent de sujets quotidiens avant d’exécuter une mission. À mesure que ces histoires se déroulent, elles se croisent et s’entremêlent de manières inattendues.\n\nL’art de Tarantino dans Pulp Fiction réside dans sa capacité à mêler humour noir, tension dramatique et moments d’action pure pour créer une œuvre qui ne cesse d’étonner et d’engager l’audience.', '1994-10-14 00:00:00', 16, 1, 'assets/images/pulp_fiction.jpg');
/*!40000 ALTER TABLE `film` ENABLE KEYS */;
UNLOCK TABLES;


--
-- Dumping data for table `film_genre`
--

LOCK TABLES `film_genre` WRITE;
/*!40000 ALTER TABLE `film_genre` DISABLE KEYS */;
INSERT INTO `film_genre` VALUES
(1,1),
(1,4),
(1,3),
(2,6),
(2,2),
(2,4),
(3,1),
(3,4),
(4,2),
(4,7),
(5,2),
(5,3);
/*!40000 ALTER TABLE `film_genre` ENABLE KEYS */;
UNLOCK TABLES;

--
-- Dumping data for table `genre`
--

LOCK TABLES `genre` WRITE;
/*!40000 ALTER TABLE `genre` DISABLE KEYS */;
INSERT INTO `genre` VALUES
(1,'Action'),
(2,'Comédie'),
(3,'Drame'),
(4,'Science-Fiction'),
(5,'Horreur'),
(6,'Anime'),
(7,'Romantique');
/*!40000 ALTER TABLE `genre` ENABLE KEYS */;
UNLOCK TABLES;

--
-- Dumping data for table `incident`
--

LOCK TABLES `incident` WRITE;
/*!40000 ALTER TABLE `incident` DISABLE KEYS */;
INSERT INTO `incident` VALUES
(1,1,1,'Projecteur affiche des images floues','2024-11-15',1),
(2,2,3,'Son grésillant sur les hauts-parleurs gauches','2024-11-20',1),
(3,3,2,'Tache visible sur l\'écran','2024-11-25',1),
(4,4,4,'Trois sièges cassés au rang F','2024-11-30',0),
(5,5,5,'Climatisation trop bruyante','2024-12-05',1),
(6,6,6,'Éclairage défectueux côté droit','2024-12-10',1),
(7,7,1,'Problème de mise au point du projecteur','2024-12-15',1),
(8,8,3,'Absence de son sur le canal central','2024-12-20',0),
(9,9,2,'Rayure sur l\'écran','2024-12-25',0),
(10,10,4,'Accoudoir cassé au siège H12','2024-12-30',1),
(11,11,5,'Climatisation inefficace','2025-01-04',1),
(12,12,6,'Lumières clignotantes au fond de la salle','2025-01-09',1),
(13,13,1,'Couleurs délavées à la projection','2025-01-14',0),
(14,14,3,'Distorsion du son à fort volume','2025-01-19',1),
(15,15,2,'Pli visible sur l\'écran','2025-01-24',0),
(16,16,4,'Problème d\'inclinaison sur la rangée J','2025-01-29',1);
/*!40000 ALTER TABLE `incident` ENABLE KEYS */;
UNLOCK TABLES;

--
-- Dumping data for table `material`
--

LOCK TABLES `material` WRITE;
/*!40000 ALTER TABLE `material` DISABLE KEYS */;
INSERT INTO `material` VALUES
(1,'Projecteur','Appareil de projection cinématographique'),
(2,'Écran','Surface de projection'),
(3,'Système audio','Équipement sonore de la salle'),
(4,'Sièges','Fauteuils pour les spectateurs'),
(5,'Climatisation','Système de régulation de la température'),
(6,'Éclairage','Système d\'illumination de la salle');
/*!40000 ALTER TABLE `material` ENABLE KEYS */;
UNLOCK TABLES;

--
-- Dumping data for table `opinion`
--

LOCK TABLES `opinion` WRITE;
/*!40000 ALTER TABLE `opinion` DISABLE KEYS */;
INSERT INTO `opinion` VALUES
(1,81,1,2,'Plutôt déçu par ce film.','2024-12-31','published'),
(2,82,2,5,'Excellent film, je le recommande vivement !','2024-12-31','published'),
(3,83,3,1,'Je ne recommande pas du tout ce film.','2025-01-03','published'),
(4,84,4,3,'Film correct, sans plus.','2025-01-05','published'),
(5,85,5,5,'Excellent film, je le recommande vivement !','2025-01-01','published'),
(6,86,1,3,'Film correct, sans plus.','2025-01-04','published'),
(7,87,2,4,'Très bon film, j\'ai beaucoup apprécié.','2025-01-01','published'),
(8,88,3,3,'Film correct, sans plus.','2024-12-30','published'),
(9,89,4,3,'Film correct, sans plus.','2025-01-03','published'),
(10,90,5,1,'Je ne recommande pas du tout ce film.','2025-01-04','published'),
(11,91,1,1,'Je ne recommande pas du tout ce film.','2025-01-03','published'),
(12,92,2,1,'Je ne recommande pas du tout ce film.','2025-01-01','published'),
(13,93,3,3,'Film correct, sans plus.','2025-01-04','published'),
(14,94,4,4,'Très bon film, j\'ai beaucoup apprécié.','2025-01-04','published'),
(15,95,5,4,'Très bon film, j\'ai beaucoup apprécié.','2025-01-06','published'),
(16,96,1,5,'Excellent film, je le recommande vivement !','2025-01-05','published'),
(17,97,2,1,'Je ne recommande pas du tout ce film.','2024-12-31','published'),
(18,98,3,3,'Film correct, sans plus.','2025-01-04','published'),
(19,99,4,1,'Je ne recommande pas du tout ce film.','2024-12-31','published'),
(20,100,5,5,'Excellent film, je le recommande vivement !','2025-01-02','published');
/*!40000 ALTER TABLE `opinion` ENABLE KEYS */;
UNLOCK TABLES;

--
-- Dumping data for table `quality`
--

LOCK TABLES `quality` WRITE;
/*!40000 ALTER TABLE `quality` DISABLE KEYS */;
INSERT INTO `quality` VALUES
(1,'Standard',7.00),
(2,'3D',8.50),
(3,'IMAX',14.00),
(4,'4DX',9.50);
/*!40000 ALTER TABLE `quality` ENABLE KEYS */;
UNLOCK TABLES;

--
-- Dumping data for table `screening`
--

LOCK TABLES `screening` WRITE;
/*!40000 ALTER TABLE `screening` DISABLE KEYS */;
INSERT INTO screening (film_id, auditorium_id, remaining_seat, remaining_handi_seat, start_time, end_time) VALUES
(1, 1, 95, 5,  '2025-03-01 10:00:00', '2025-03-01 11:45:00'),
(1, 2, 95, 5,  '2025-03-02 11:00:00', '2025-03-02 12:45:00'),
(1, 3, 95, 5,  '2025-03-03 12:00:00', '2025-03-03 13:45:00'),
(1, 4, 95, 5,  '2025-03-04 13:00:00', '2025-03-04 14:45:00'),
(1, 5, 95, 5,  '2025-03-05 14:00:00', '2025-03-05 15:45:00'),
(1, 6, 95, 5,  '2025-03-06 15:00:00', '2025-03-06 16:45:00'),
(1, 7, 95, 5,  '2025-03-07 16:00:00', '2025-03-07 17:45:00'),
(1, 8, 95, 5,  '2025-03-08 17:00:00', '2025-03-08 18:45:00'),
(1, 9, 95, 5,  '2025-03-09 18:00:00', '2025-03-09 19:45:00'),
(1, 10, 95, 5, '2025-03-10 19:00:00', '2025-03-10 20:45:00'),
(1, 11, 95, 5, '2025-03-11 20:00:00', '2025-03-11 21:45:00'),
(1, 12, 95, 5, '2025-03-12 21:00:00', '2025-03-12 22:45:00'),
(1, 13, 95, 5, '2025-03-13 22:00:00', '2025-03-13 23:45:00'),
(1, 14, 95, 5, '2025-03-14 23:00:00', '2025-03-14 00:45:00'),
(1, 15, 95, 5, '2025-03-15 10:00:00', '2025-03-15 11:45:00'),
(1, 16, 95, 5, '2025-03-16 11:00:00', '2025-03-16 16:45:00'),
(2, 1, 95, 5,  '2025-03-01 10:00:00', '2025-03-01 11:45:00'),
(2, 2, 95, 5,  '2025-03-02 11:00:00', '2025-03-02 12:45:00'),
(2, 3, 95, 5,  '2025-03-03 12:00:00', '2025-03-03 13:45:00'),
(2, 4, 95, 5,  '2025-03-04 13:00:00', '2025-03-04 14:45:00'),
(2, 5, 95, 5,  '2025-03-05 14:00:00', '2025-03-05 15:45:00'),
(2, 6, 95, 5,  '2025-03-06 15:00:00', '2025-03-06 16:45:00'),
(2, 7, 95, 5,  '2025-03-07 16:00:00', '2025-03-07 17:45:00'),
(2, 8, 95, 5,  '2025-03-08 17:00:00', '2025-03-08 18:45:00'),
(2, 9, 95, 5,  '2025-03-09 18:00:00', '2025-03-09 19:45:00'),
(2, 10, 95, 5, '2025-03-10 19:00:00', '2025-03-10 20:45:00'),
(2, 11, 95, 5, '2025-03-11 20:00:00', '2025-03-11 21:45:00'),
(2, 12, 95, 5, '2025-03-12 21:00:00', '2025-03-12 22:45:00'),
(2, 17, 95, 5, '2025-03-13 22:00:00', '2025-03-13 23:45:00'),
(2, 18, 95, 5, '2025-03-14 23:00:00', '2025-03-14 00:45:00'),
(2, 19, 95, 5, '2025-03-15 10:00:00', '2025-03-15 11:45:00'),
(2, 20, 95, 5, '2025-03-16 11:00:00', '2025-03-16 16:45:00'),
(3, 1, 95, 5,  '2025-03-01 10:00:00', '2025-03-01 11:45:00'),
(3, 2, 95, 5,  '2025-03-02 11:00:00', '2025-03-02 12:45:00'),
(3, 3, 95, 5,  '2025-03-03 12:00:00', '2025-03-03 13:45:00'),
(3, 4, 95, 5,  '2025-03-04 13:00:00', '2025-03-04 14:45:00'),
(3, 5, 95, 5,  '2025-03-05 14:00:00', '2025-03-05 15:45:00'),
(3, 6, 95, 5,  '2025-03-06 15:00:00', '2025-03-06 16:45:00'),
(3, 7, 95, 5,  '2025-03-07 16:00:00', '2025-03-07 17:45:00'),
(3, 8, 95, 5,  '2025-03-08 17:00:00', '2025-03-08 18:45:00'),
(3, 13, 95, 5, '2025-03-09 18:00:00', '2025-03-09 19:45:00'),
(3, 14, 95, 5, '2025-03-10 19:00:00', '2025-03-10 20:45:00'),
(3, 15, 95, 5, '2025-03-11 20:00:00', '2025-03-11 21:45:00'),
(3, 16, 95, 5, '2025-03-12 21:00:00', '2025-03-12 22:45:00'),
(3, 17, 95, 5, '2025-03-13 22:00:00', '2025-03-13 23:45:00'),
(3, 18, 95, 5, '2025-03-14 23:00:00', '2025-03-14 00:45:00'),
(3, 19, 95, 5, '2025-03-15 10:00:00', '2025-03-15 11:45:00'),
(3, 20, 95, 5, '2025-03-16 11:00:00', '2025-03-16 16:45:00'),
(4, 1, 95, 5,  '2025-03-01 10:00:00', '2025-03-01 11:45:00'),
(4, 2, 95, 5,  '2025-03-02 11:00:00', '2025-03-02 12:45:00'),
(4, 3, 95, 5,  '2025-03-03 12:00:00', '2025-03-03 13:45:00'),
(4, 4, 95, 5,  '2025-03-04 13:00:00', '2025-03-04 14:45:00'),
(4, 9, 95, 5,  '2025-03-05 14:00:00', '2025-03-05 15:45:00'),
(4, 10, 95, 5, '2025-03-06 15:00:00', '2025-03-06 16:45:00'),
(4, 11, 95, 5, '2025-03-07 16:00:00', '2025-03-07 17:45:00'),
(4, 12, 95, 5, '2025-03-08 17:00:00', '2025-03-08 18:45:00'),
(4, 13, 95, 5, '2025-03-09 18:00:00', '2025-03-09 19:45:00'),
(4, 14, 95, 5, '2025-03-10 19:00:00', '2025-03-10 20:45:00'),
(4, 15, 95, 5, '2025-03-11 20:00:00', '2025-03-11 21:45:00'),
(4, 16, 95, 5, '2025-03-12 21:00:00', '2025-03-12 22:45:00'),
(4, 17, 95, 5, '2025-03-13 22:00:00', '2025-03-13 23:45:00'),
(4, 18, 95, 5, '2025-03-14 23:00:00', '2025-03-14 00:45:00'),
(4, 19, 95, 5, '2025-03-15 10:00:00', '2025-03-15 11:45:00'),
(4, 20, 95, 5, '2025-03-16 11:00:00', '2025-03-16 16:45:00'),
(5, 5, 95, 5,  '2025-03-01 10:00:00', '2025-03-01 11:45:00'),
(5, 6, 95, 5,  '2025-03-02 11:00:00', '2025-03-02 12:45:00'),
(5, 7, 95, 5,  '2025-03-03 12:00:00', '2025-03-03 13:45:00'),
(5, 8, 95, 5,  '2025-03-04 13:00:00', '2025-03-04 14:45:00'),
(5, 9, 95, 5,  '2025-03-05 14:00:00', '2025-03-05 15:45:00'),
(5, 10, 95, 5, '2025-03-06 15:00:00', '2025-03-06 16:45:00'),
(5, 11, 95, 5, '2025-03-07 16:00:00', '2025-03-07 17:45:00'),
(5, 12, 95, 5, '2025-03-08 17:00:00', '2025-03-08 18:45:00'),
(5, 13, 95, 5, '2025-03-09 18:00:00', '2025-03-09 19:45:00'),
(5, 14, 95, 5, '2025-03-10 19:00:00', '2025-03-10 20:45:00'),
(5, 15, 95, 5, '2025-03-11 20:00:00', '2025-03-11 21:45:00'),
(5, 16, 95, 5, '2025-03-12 21:00:00', '2025-03-12 22:45:00'),
(5, 17, 95, 5, '2025-03-13 22:00:00', '2025-03-13 23:45:00'),
(5, 18, 95, 5, '2025-03-14 23:00:00', '2025-03-14 00:45:00'),
(5, 19, 95, 5, '2025-03-15 10:00:00', '2025-03-15 11:45:00'),
(5, 20, 95, 5, '2025-03-16 11:00:00', '2025-03-16 16:45:00');
/*!40000 ALTER TABLE `screening` ENABLE KEYS */;
UNLOCK TABLES;

--
-- Dumping data for table `seat`
--

LOCK TABLES `seat` WRITE;
/*!40000 ALTER TABLE `seat` DISABLE KEYS */;
INSERT INTO `seat` VALUES
(1,1,1,1),
(2,1,2,1),
(3,1,3,1),
(4,1,4,1),
(5,1,5,1),
(6,1,6,0),
(7,1,7,0),
(8,1,8,0),
(9,1,9,0),
(10,1,10,0),
(11,1,11,0),
(12,1,12,0),
(13,1,13,0),
(14,1,14,0),
(15,1,15,0),
(16,1,16,0),
(17,1,17,0),
(18,1,18,0),
(19,1,19,0),
(20,1,20,0),
(21,1,21,0),
(22,1,22,0),
(23,1,23,0),
(24,1,24,0),
(25,1,25,0),
(26,1,26,0),
(27,1,27,0),
(28,1,28,0),
(29,1,29,0),
(30,1,30,0),
(31,1,31,0),
(32,1,32,0),
(33,1,33,0),
(34,1,34,0),
(35,1,35,0),
(36,1,36,0),
(37,1,37,0),
(38,1,38,0),
(39,1,39,0),
(40,1,40,0),
(41,1,41,0),
(42,1,42,0),
(43,1,43,0),
(44,1,44,0),
(45,1,45,0),
(46,1,46,0),
(47,1,47,0),
(48,1,48,0),
(49,1,49,0),
(50,1,50,0),
(51,1,51,0),
(52,1,52,0),
(53,1,53,0),
(54,1,54,0),
(55,1,55,0),
(56,1,56,0),
(57,1,57,0),
(58,1,58,0),
(59,1,59,0),
(60,1,60,0),
(61,1,61,0),
(62,1,62,0),
(63,1,63,0),
(64,1,64,0),
(65,1,65,0),
(66,1,66,0),
(67,1,67,0),
(68,1,68,0),
(69,1,69,0),
(70,1,70,0),
(71,1,71,0),
(72,1,72,0),
(73,1,73,0),
(74,1,74,0),
(75,1,75,0),
(76,1,76,0),
(77,1,77,0),
(78,1,78,0),
(79,1,79,0),
(80,1,80,0),
(81,1,81,0),
(82,1,82,0),
(83,1,83,0),
(84,1,84,0),
(85,1,85,0),
(86,1,86,0),
(87,1,87,0),
(88,1,88,0),
(89,1,89,0),
(90,1,90,0),
(91,1,91,0),
(92,1,92,0),
(93,1,93,0),
(94,1,94,0),
(95,1,95,0),
(96,1,96,0),
(97,1,97,0),
(98,1,98,0),
(99,1,99,0),
(100,1,100,0),
(101,2,1,1),
(102,2,2,1),
(103,2,3,1),
(104,2,4,1),
(105,2,5,1),
(106,2,6,1),
(107,2,7,1),
(108,2,8,0),
(109,2,9,0),
(110,2,10,0),
(111,2,11,0),
(112,2,12,0),
(113,2,13,0),
(114,2,14,0),
(115,2,15,0),
(116,2,16,0),
(117,2,17,0),
(118,2,18,0),
(119,2,19,0),
(120,2,20,0),
(121,2,21,0),
(122,2,22,0),
(123,2,23,0),
(124,2,24,0),
(125,2,25,0),
(126,2,26,0),
(127,2,27,0),
(128,2,28,0),
(129,2,29,0),
(130,2,30,0),
(131,2,31,0),
(132,2,32,0),
(133,2,33,0),
(134,2,34,0),
(135,2,35,0),
(136,2,36,0),
(137,2,37,0),
(138,2,38,0),
(139,2,39,0),
(140,2,40,0),
(141,2,41,0),
(142,2,42,0),
(143,2,43,0),
(144,2,44,0),
(145,2,45,0),
(146,2,46,0),
(147,2,47,0),
(148,2,48,0),
(149,2,49,0),
(150,2,50,0),
(151,2,51,0),
(152,2,52,0),
(153,2,53,0),
(154,2,54,0),
(155,2,55,0),
(156,2,56,0),
(157,2,57,0),
(158,2,58,0),
(159,2,59,0),
(160,2,60,0),
(161,2,61,0),
(162,2,62,0),
(163,2,63,0),
(164,2,64,0),
(165,2,65,0),
(166,2,66,0),
(167,2,67,0),
(168,2,68,0),
(169,2,69,0),
(170,2,70,0),
(171,2,71,0),
(172,2,72,0),
(173,2,73,0),
(174,2,74,0),
(175,2,75,0),
(176,2,76,0),
(177,2,77,0),
(178,2,78,0),
(179,2,79,0),
(180,2,80,0),
(181,2,81,0),
(182,2,82,0),
(183,2,83,0),
(184,2,84,0),
(185,2,85,0),
(186,2,86,0),
(187,2,87,0),
(188,2,88,0),
(189,2,89,0),
(190,2,90,0),
(191,2,91,0),
(192,2,92,0),
(193,2,93,0),
(194,2,94,0),
(195,2,95,0),
(196,2,96,0),
(197,2,97,0),
(198,2,98,0),
(199,2,99,0),
(200,2,100,0),
(201,2,101,0),
(202,2,102,0),
(203,2,103,0),
(204,2,104,0),
(205,2,105,0),
(206,2,106,0),
(207,2,107,0),
(208,2,108,0),
(209,2,109,0),
(210,2,110,0),
(211,2,111,0),
(212,2,112,0),
(213,2,113,0),
(214,2,114,0),
(215,2,115,0),
(216,2,116,0),
(217,2,117,0),
(218,2,118,0),
(219,2,119,0),
(220,2,120,0),
(221,2,121,0),
(222,2,122,0),
(223,2,123,0),
(224,2,124,0),
(225,2,125,0),
(226,2,126,0),
(227,2,127,0),
(228,2,128,0),
(229,2,129,0),
(230,2,130,0),
(231,2,131,0),
(232,2,132,0),
(233,2,133,0),
(234,2,134,0),
(235,2,135,0),
(236,2,136,0),
(237,2,137,0),
(238,2,138,0),
(239,2,139,0),
(240,2,140,0),
(241,2,141,0),
(242,2,142,0),
(243,2,143,0),
(244,2,144,0),
(245,2,145,0),
(246,2,146,0),
(247,2,147,0),
(248,2,148,0),
(249,2,149,0),
(250,2,150,0),
(251,3,1,1),
(252,3,2,1),
(253,3,3,1),
(254,3,4,1),
(255,3,5,1),
(256,3,6,1),
(257,3,7,1),
(258,3,8,1),
(259,3,9,1),
(260,3,10,1),
(261,3,11,0),
(262,3,12,0),
(263,3,13,0),
(264,3,14,0),
(265,3,15,0),
(266,3,16,0),
(267,3,17,0),
(268,3,18,0),
(269,3,19,0),
(270,3,20,0),
(271,3,21,0),
(272,3,22,0),
(273,3,23,0),
(274,3,24,0),
(275,3,25,0),
(276,3,26,0),
(277,3,27,0),
(278,3,28,0),
(279,3,29,0),
(280,3,30,0),
(281,3,31,0),
(282,3,32,0),
(283,3,33,0),
(284,3,34,0),
(285,3,35,0),
(286,3,36,0),
(287,3,37,0),
(288,3,38,0),
(289,3,39,0),
(290,3,40,0),
(291,3,41,0),
(292,3,42,0),
(293,3,43,0),
(294,3,44,0),
(295,3,45,0),
(296,3,46,0),
(297,3,47,0),
(298,3,48,0),
(299,3,49,0),
(300,3,50,0),
(301,3,51,0),
(302,3,52,0),
(303,3,53,0),
(304,3,54,0),
(305,3,55,0),
(306,3,56,0),
(307,3,57,0),
(308,3,58,0),
(309,3,59,0),
(310,3,60,0),
(311,3,61,0),
(312,3,62,0),
(313,3,63,0),
(314,3,64,0),
(315,3,65,0),
(316,3,66,0),
(317,3,67,0),
(318,3,68,0),
(319,3,69,0),
(320,3,70,0),
(321,3,71,0),
(322,3,72,0),
(323,3,73,0),
(324,3,74,0),
(325,3,75,0),
(326,3,76,0),
(327,3,77,0),
(328,3,78,0),
(329,3,79,0),
(330,3,80,0),
(331,3,81,0),
(332,3,82,0),
(333,3,83,0),
(334,3,84,0),
(335,3,85,0),
(336,3,86,0),
(337,3,87,0),
(338,3,88,0),
(339,3,89,0),
(340,3,90,0),
(341,3,91,0),
(342,3,92,0),
(343,3,93,0),
(344,3,94,0),
(345,3,95,0),
(346,3,96,0),
(347,3,97,0),
(348,3,98,0),
(349,3,99,0),
(350,3,100,0),
(351,3,101,0),
(352,3,102,0),
(353,3,103,0),
(354,3,104,0),
(355,3,105,0),
(356,3,106,0),
(357,3,107,0),
(358,3,108,0),
(359,3,109,0),
(360,3,110,0),
(361,3,111,0),
(362,3,112,0),
(363,3,113,0),
(364,3,114,0),
(365,3,115,0),
(366,3,116,0),
(367,3,117,0),
(368,3,118,0),
(369,3,119,0),
(370,3,120,0),
(371,3,121,0),
(372,3,122,0),
(373,3,123,0),
(374,3,124,0),
(375,3,125,0),
(376,3,126,0),
(377,3,127,0),
(378,3,128,0),
(379,3,129,0),
(380,3,130,0),
(381,3,131,0),
(382,3,132,0),
(383,3,133,0),
(384,3,134,0),
(385,3,135,0),
(386,3,136,0),
(387,3,137,0),
(388,3,138,0),
(389,3,139,0),
(390,3,140,0),
(391,3,141,0),
(392,3,142,0),
(393,3,143,0),
(394,3,144,0),
(395,3,145,0),
(396,3,146,0),
(397,3,147,0),
(398,3,148,0),
(399,3,149,0),
(400,3,150,0),
(401,3,151,0),
(402,3,152,0),
(403,3,153,0),
(404,3,154,0),
(405,3,155,0),
(406,3,156,0),
(407,3,157,0),
(408,3,158,0),
(409,3,159,0),
(410,3,160,0),
(411,3,161,0),
(412,3,162,0),
(413,3,163,0),
(414,3,164,0),
(415,3,165,0),
(416,3,166,0),
(417,3,167,0),
(418,3,168,0),
(419,3,169,0),
(420,3,170,0),
(421,3,171,0),
(422,3,172,0),
(423,3,173,0),
(424,3,174,0),
(425,3,175,0),
(426,3,176,0),
(427,3,177,0),
(428,3,178,0),
(429,3,179,0),
(430,3,180,0),
(431,3,181,0),
(432,3,182,0),
(433,3,183,0),
(434,3,184,0),
(435,3,185,0),
(436,3,186,0),
(437,3,187,0),
(438,3,188,0),
(439,3,189,0),
(440,3,190,0),
(441,3,191,0),
(442,3,192,0),
(443,3,193,0),
(444,3,194,0),
(445,3,195,0),
(446,3,196,0),
(447,3,197,0),
(448,3,198,0),
(449,3,199,0),
(450,3,200,0),
(451,4,1,1),
(452,4,2,1),
(453,4,3,1),
(454,4,4,1),
(455,4,5,0),
(456,4,6,0),
(457,4,7,0),
(458,4,8,0),
(459,4,9,0),
(460,4,10,0),
(461,4,11,0),
(462,4,12,0),
(463,4,13,0),
(464,4,14,0),
(465,4,15,0),
(466,4,16,0),
(467,4,17,0),
(468,4,18,0),
(469,4,19,0),
(470,4,20,0),
(471,4,21,0),
(472,4,22,0),
(473,4,23,0),
(474,4,24,0),
(475,4,25,0),
(476,4,26,0),
(477,4,27,0),
(478,4,28,0),
(479,4,29,0),
(480,4,30,0),
(481,4,31,0),
(482,4,32,0),
(483,4,33,0),
(484,4,34,0),
(485,4,35,0),
(486,4,36,0),
(487,4,37,0),
(488,4,38,0),
(489,4,39,0),
(490,4,40,0),
(491,4,41,0),
(492,4,42,0),
(493,4,43,0),
(494,4,44,0),
(495,4,45,0),
(496,4,46,0),
(497,4,47,0),
(498,4,48,0),
(499,4,49,0),
(500,4,50,0),
(501,4,51,0),
(502,4,52,0),
(503,4,53,0),
(504,4,54,0),
(505,4,55,0),
(506,4,56,0),
(507,4,57,0),
(508,4,58,0),
(509,4,59,0),
(510,4,60,0),
(511,4,61,0),
(512,4,62,0),
(513,4,63,0),
(514,4,64,0),
(515,4,65,0),
(516,4,66,0),
(517,4,67,0),
(518,4,68,0),
(519,4,69,0),
(520,4,70,0),
(521,4,71,0),
(522,4,72,0),
(523,4,73,0),
(524,4,74,0),
(525,4,75,0),
(526,4,76,0),
(527,4,77,0),
(528,4,78,0),
(529,4,79,0),
(530,4,80,0),
(531,5,1,1),
(532,5,2,1),
(533,5,3,1),
(534,5,4,1),
(535,5,5,1),
(536,5,6,1),
(537,5,7,0),
(538,5,8,0),
(539,5,9,0),
(540,5,10,0),
(541,5,11,0),
(542,5,12,0),
(543,5,13,0),
(544,5,14,0),
(545,5,15,0),
(546,5,16,0),
(547,5,17,0),
(548,5,18,0),
(549,5,19,0),
(550,5,20,0),
(551,5,21,0),
(552,5,22,0),
(553,5,23,0),
(554,5,24,0),
(555,5,25,0),
(556,5,26,0),
(557,5,27,0),
(558,5,28,0),
(559,5,29,0),
(560,5,30,0),
(561,5,31,0),
(562,5,32,0),
(563,5,33,0),
(564,5,34,0),
(565,5,35,0),
(566,5,36,0),
(567,5,37,0),
(568,5,38,0),
(569,5,39,0),
(570,5,40,0),
(571,5,41,0),
(572,5,42,0),
(573,5,43,0),
(574,5,44,0),
(575,5,45,0),
(576,5,46,0),
(577,5,47,0),
(578,5,48,0),
(579,5,49,0),
(580,5,50,0),
(581,5,51,0),
(582,5,52,0),
(583,5,53,0),
(584,5,54,0),
(585,5,55,0),
(586,5,56,0),
(587,5,57,0),
(588,5,58,0),
(589,5,59,0),
(590,5,60,0),
(591,5,61,0),
(592,5,62,0),
(593,5,63,0),
(594,5,64,0),
(595,5,65,0),
(596,5,66,0),
(597,5,67,0),
(598,5,68,0),
(599,5,69,0),
(600,5,70,0),
(601,5,71,0),
(602,5,72,0),
(603,5,73,0),
(604,5,74,0),
(605,5,75,0),
(606,5,76,0),
(607,5,77,0),
(608,5,78,0),
(609,5,79,0),
(610,5,80,0),
(611,5,81,0),
(612,5,82,0),
(613,5,83,0),
(614,5,84,0),
(615,5,85,0),
(616,5,86,0),
(617,5,87,0),
(618,5,88,0),
(619,5,89,0),
(620,5,90,0),
(621,5,91,0),
(622,5,92,0),
(623,5,93,0),
(624,5,94,0),
(625,5,95,0),
(626,5,96,0),
(627,5,97,0),
(628,5,98,0),
(629,5,99,0),
(630,5,100,0),
(631,5,101,0),
(632,5,102,0),
(633,5,103,0),
(634,5,104,0),
(635,5,105,0),
(636,5,106,0),
(637,5,107,0),
(638,5,108,0),
(639,5,109,0),
(640,5,110,0),
(641,5,111,0),
(642,5,112,0),
(643,5,113,0),
(644,5,114,0),
(645,5,115,0),
(646,5,116,0),
(647,5,117,0),
(648,5,118,0),
(649,5,119,0),
(650,5,120,0),
(651,6,1,1),
(652,6,2,1),
(653,6,3,1),
(654,6,4,1),
(655,6,5,1),
(656,6,6,1),
(657,6,7,1),
(658,6,8,1),
(659,6,9,1),
(660,6,10,0),
(661,6,11,0),
(662,6,12,0),
(663,6,13,0),
(664,6,14,0),
(665,6,15,0),
(666,6,16,0),
(667,6,17,0),
(668,6,18,0),
(669,6,19,0),
(670,6,20,0),
(671,6,21,0),
(672,6,22,0),
(673,6,23,0),
(674,6,24,0),
(675,6,25,0),
(676,6,26,0),
(677,6,27,0),
(678,6,28,0),
(679,6,29,0),
(680,6,30,0),
(681,6,31,0),
(682,6,32,0),
(683,6,33,0),
(684,6,34,0),
(685,6,35,0),
(686,6,36,0),
(687,6,37,0),
(688,6,38,0),
(689,6,39,0),
(690,6,40,0),
(691,6,41,0),
(692,6,42,0),
(693,6,43,0),
(694,6,44,0),
(695,6,45,0),
(696,6,46,0),
(697,6,47,0),
(698,6,48,0),
(699,6,49,0),
(700,6,50,0),
(701,6,51,0),
(702,6,52,0),
(703,6,53,0),
(704,6,54,0),
(705,6,55,0),
(706,6,56,0),
(707,6,57,0),
(708,6,58,0),
(709,6,59,0),
(710,6,60,0),
(711,6,61,0),
(712,6,62,0),
(713,6,63,0),
(714,6,64,0),
(715,6,65,0),
(716,6,66,0),
(717,6,67,0),
(718,6,68,0),
(719,6,69,0),
(720,6,70,0),
(721,6,71,0),
(722,6,72,0),
(723,6,73,0),
(724,6,74,0),
(725,6,75,0),
(726,6,76,0),
(727,6,77,0),
(728,6,78,0),
(729,6,79,0),
(730,6,80,0),
(731,6,81,0),
(732,6,82,0),
(733,6,83,0),
(734,6,84,0),
(735,6,85,0),
(736,6,86,0),
(737,6,87,0),
(738,6,88,0),
(739,6,89,0),
(740,6,90,0),
(741,6,91,0),
(742,6,92,0),
(743,6,93,0),
(744,6,94,0),
(745,6,95,0),
(746,6,96,0),
(747,6,97,0),
(748,6,98,0),
(749,6,99,0),
(750,6,100,0),
(751,6,101,0),
(752,6,102,0),
(753,6,103,0),
(754,6,104,0),
(755,6,105,0),
(756,6,106,0),
(757,6,107,0),
(758,6,108,0),
(759,6,109,0),
(760,6,110,0),
(761,6,111,0),
(762,6,112,0),
(763,6,113,0),
(764,6,114,0),
(765,6,115,0),
(766,6,116,0),
(767,6,117,0),
(768,6,118,0),
(769,6,119,0),
(770,6,120,0),
(771,6,121,0),
(772,6,122,0),
(773,6,123,0),
(774,6,124,0),
(775,6,125,0),
(776,6,126,0),
(777,6,127,0),
(778,6,128,0),
(779,6,129,0),
(780,6,130,0),
(781,6,131,0),
(782,6,132,0),
(783,6,133,0),
(784,6,134,0),
(785,6,135,0),
(786,6,136,0),
(787,6,137,0),
(788,6,138,0),
(789,6,139,0),
(790,6,140,0),
(791,6,141,0),
(792,6,142,0),
(793,6,143,0),
(794,6,144,0),
(795,6,145,0),
(796,6,146,0),
(797,6,147,0),
(798,6,148,0),
(799,6,149,0),
(800,6,150,0),
(801,6,151,0),
(802,6,152,0),
(803,6,153,0),
(804,6,154,0),
(805,6,155,0),
(806,6,156,0),
(807,6,157,0),
(808,6,158,0),
(809,6,159,0),
(810,6,160,0),
(811,6,161,0),
(812,6,162,0),
(813,6,163,0),
(814,6,164,0),
(815,6,165,0),
(816,6,166,0),
(817,6,167,0),
(818,6,168,0),
(819,6,169,0),
(820,6,170,0),
(821,6,171,0),
(822,6,172,0),
(823,6,173,0),
(824,6,174,0),
(825,6,175,0),
(826,6,176,0),
(827,6,177,0),
(828,6,178,0),
(829,6,179,0),
(830,6,180,0),
(831,7,1,1),
(832,7,2,1),
(833,7,3,1),
(834,7,4,0),
(835,7,5,0),
(836,7,6,0),
(837,7,7,0),
(838,7,8,0),
(839,7,9,0),
(840,7,10,0),
(841,7,11,0),
(842,7,12,0),
(843,7,13,0),
(844,7,14,0),
(845,7,15,0),
(846,7,16,0),
(847,7,17,0),
(848,7,18,0),
(849,7,19,0),
(850,7,20,0),
(851,7,21,0),
(852,7,22,0),
(853,7,23,0),
(854,7,24,0),
(855,7,25,0),
(856,7,26,0),
(857,7,27,0),
(858,7,28,0),
(859,7,29,0),
(860,7,30,0),
(861,7,31,0),
(862,7,32,0),
(863,7,33,0),
(864,7,34,0),
(865,7,35,0),
(866,7,36,0),
(867,7,37,0),
(868,7,38,0),
(869,7,39,0),
(870,7,40,0),
(871,7,41,0),
(872,7,42,0),
(873,7,43,0),
(874,7,44,0),
(875,7,45,0),
(876,7,46,0),
(877,7,47,0),
(878,7,48,0),
(879,7,49,0),
(880,7,50,0),
(881,7,51,0),
(882,7,52,0),
(883,7,53,0),
(884,7,54,0),
(885,7,55,0),
(886,7,56,0),
(887,7,57,0),
(888,7,58,0),
(889,7,59,0),
(890,7,60,0),
(891,7,61,0),
(892,7,62,0),
(893,7,63,0),
(894,7,64,0),
(895,7,65,0),
(896,7,66,0),
(897,7,67,0),
(898,7,68,0),
(899,7,69,0),
(900,7,70,0),
(901,8,1,1),
(902,8,2,1),
(903,8,3,1),
(904,8,4,1),
(905,8,5,0),
(906,8,6,0),
(907,8,7,0),
(908,8,8,0),
(909,8,9,0),
(910,8,10,0),
(911,8,11,0),
(912,8,12,0),
(913,8,13,0),
(914,8,14,0),
(915,8,15,0),
(916,8,16,0),
(917,8,17,0),
(918,8,18,0),
(919,8,19,0),
(920,8,20,0),
(921,8,21,0),
(922,8,22,0),
(923,8,23,0),
(924,8,24,0),
(925,8,25,0),
(926,8,26,0),
(927,8,27,0),
(928,8,28,0),
(929,8,29,0),
(930,8,30,0),
(931,8,31,0),
(932,8,32,0),
(933,8,33,0),
(934,8,34,0),
(935,8,35,0),
(936,8,36,0),
(937,8,37,0),
(938,8,38,0),
(939,8,39,0),
(940,8,40,0),
(941,8,41,0),
(942,8,42,0),
(943,8,43,0),
(944,8,44,0),
(945,8,45,0),
(946,8,46,0),
(947,8,47,0),
(948,8,48,0),
(949,8,49,0),
(950,8,50,0),
(951,8,51,0),
(952,8,52,0),
(953,8,53,0),
(954,8,54,0),
(955,8,55,0),
(956,8,56,0),
(957,8,57,0),
(958,8,58,0),
(959,8,59,0),
(960,8,60,0),
(961,8,61,0),
(962,8,62,0),
(963,8,63,0),
(964,8,64,0),
(965,8,65,0),
(966,8,66,0),
(967,8,67,0),
(968,8,68,0),
(969,8,69,0),
(970,8,70,0),
(971,8,71,0),
(972,8,72,0),
(973,8,73,0),
(974,8,74,0),
(975,8,75,0),
(976,8,76,0),
(977,8,77,0),
(978,8,78,0),
(979,8,79,0),
(980,8,80,0),
(981,8,81,0),
(982,8,82,0),
(983,8,83,0),
(984,8,84,0),
(985,8,85,0),
(986,8,86,0),
(987,8,87,0),
(988,8,88,0),
(989,8,89,0),
(990,8,90,0),
(991,9,1,1),
(992,9,2,1),
(993,9,3,1),
(994,9,4,1),
(995,9,5,1),
(996,9,6,1),
(997,9,7,1),
(998,9,8,1),
(999,9,9,1),
(1000,9,10,1),
(1001,9,11,1),
(1002,9,12,0),
(1003,9,13,0),
(1004,9,14,0),
(1005,9,15,0),
(1006,9,16,0),
(1007,9,17,0),
(1008,9,18,0),
(1009,9,19,0),
(1010,9,20,0),
(1011,9,21,0),
(1012,9,22,0),
(1013,9,23,0),
(1014,9,24,0),
(1015,9,25,0),
(1016,9,26,0),
(1017,9,27,0),
(1018,9,28,0),
(1019,9,29,0),
(1020,9,30,0),
(1021,9,31,0),
(1022,9,32,0),
(1023,9,33,0),
(1024,9,34,0),
(1025,9,35,0),
(1026,9,36,0),
(1027,9,37,0),
(1028,9,38,0),
(1029,9,39,0),
(1030,9,40,0),
(1031,9,41,0),
(1032,9,42,0),
(1033,9,43,0),
(1034,9,44,0),
(1035,9,45,0),
(1036,9,46,0),
(1037,9,47,0),
(1038,9,48,0),
(1039,9,49,0),
(1040,9,50,0),
(1041,9,51,0),
(1042,9,52,0),
(1043,9,53,0),
(1044,9,54,0),
(1045,9,55,0),
(1046,9,56,0),
(1047,9,57,0),
(1048,9,58,0),
(1049,9,59,0),
(1050,9,60,0),
(1051,9,61,0),
(1052,9,62,0),
(1053,9,63,0),
(1054,9,64,0),
(1055,9,65,0),
(1056,9,66,0),
(1057,9,67,0),
(1058,9,68,0),
(1059,9,69,0),
(1060,9,70,0),
(1061,9,71,0),
(1062,9,72,0),
(1063,9,73,0),
(1064,9,74,0),
(1065,9,75,0),
(1066,9,76,0),
(1067,9,77,0),
(1068,9,78,0),
(1069,9,79,0),
(1070,9,80,0),
(1071,9,81,0),
(1072,9,82,0),
(1073,9,83,0),
(1074,9,84,0),
(1075,9,85,0),
(1076,9,86,0),
(1077,9,87,0),
(1078,9,88,0),
(1079,9,89,0),
(1080,9,90,0),
(1081,9,91,0),
(1082,9,92,0),
(1083,9,93,0),
(1084,9,94,0),
(1085,9,95,0),
(1086,9,96,0),
(1087,9,97,0),
(1088,9,98,0),
(1089,9,99,0),
(1090,9,100,0),
(1091,9,101,0),
(1092,9,102,0),
(1093,9,103,0),
(1094,9,104,0),
(1095,9,105,0),
(1096,9,106,0),
(1097,9,107,0),
(1098,9,108,0),
(1099,9,109,0),
(1100,9,110,0),
(1101,9,111,0),
(1102,9,112,0),
(1103,9,113,0),
(1104,9,114,0),
(1105,9,115,0),
(1106,9,116,0),
(1107,9,117,0),
(1108,9,118,0),
(1109,9,119,0),
(1110,9,120,0),
(1111,9,121,0),
(1112,9,122,0),
(1113,9,123,0),
(1114,9,124,0),
(1115,9,125,0),
(1116,9,126,0),
(1117,9,127,0),
(1118,9,128,0),
(1119,9,129,0),
(1120,9,130,0),
(1121,9,131,0),
(1122,9,132,0),
(1123,9,133,0),
(1124,9,134,0),
(1125,9,135,0),
(1126,9,136,0),
(1127,9,137,0),
(1128,9,138,0),
(1129,9,139,0),
(1130,9,140,0),
(1131,9,141,0),
(1132,9,142,0),
(1133,9,143,0),
(1134,9,144,0),
(1135,9,145,0),
(1136,9,146,0),
(1137,9,147,0),
(1138,9,148,0),
(1139,9,149,0),
(1140,9,150,0),
(1141,9,151,0),
(1142,9,152,0),
(1143,9,153,0),
(1144,9,154,0),
(1145,9,155,0),
(1146,9,156,0),
(1147,9,157,0),
(1148,9,158,0),
(1149,9,159,0),
(1150,9,160,0),
(1151,9,161,0),
(1152,9,162,0),
(1153,9,163,0),
(1154,9,164,0),
(1155,9,165,0),
(1156,9,166,0),
(1157,9,167,0),
(1158,9,168,0),
(1159,9,169,0),
(1160,9,170,0),
(1161,9,171,0),
(1162,9,172,0),
(1163,9,173,0),
(1164,9,174,0),
(1165,9,175,0),
(1166,9,176,0),
(1167,9,177,0),
(1168,9,178,0),
(1169,9,179,0),
(1170,9,180,0),
(1171,9,181,0),
(1172,9,182,0),
(1173,9,183,0),
(1174,9,184,0),
(1175,9,185,0),
(1176,9,186,0),
(1177,9,187,0),
(1178,9,188,0),
(1179,9,189,0),
(1180,9,190,0),
(1181,9,191,0),
(1182,9,192,0),
(1183,9,193,0),
(1184,9,194,0),
(1185,9,195,0),
(1186,9,196,0),
(1187,9,197,0),
(1188,9,198,0),
(1189,9,199,0),
(1190,9,200,0),
(1191,9,201,0),
(1192,9,202,0),
(1193,9,203,0),
(1194,9,204,0),
(1195,9,205,0),
(1196,9,206,0),
(1197,9,207,0),
(1198,9,208,0),
(1199,9,209,0),
(1200,9,210,0),
(1201,9,211,0),
(1202,9,212,0),
(1203,9,213,0),
(1204,9,214,0),
(1205,9,215,0),
(1206,9,216,0),
(1207,9,217,0),
(1208,9,218,0),
(1209,9,219,0),
(1210,9,220,0),
(1211,10,1,1),
(1212,10,2,1),
(1213,10,3,1),
(1214,10,4,1),
(1215,10,5,0),
(1216,10,6,0),
(1217,10,7,0),
(1218,10,8,0),
(1219,10,9,0),
(1220,10,10,0),
(1221,10,11,0),
(1222,10,12,0),
(1223,10,13,0),
(1224,10,14,0),
(1225,10,15,0),
(1226,10,16,0),
(1227,10,17,0),
(1228,10,18,0),
(1229,10,19,0),
(1230,10,20,0),
(1231,10,21,0),
(1232,10,22,0),
(1233,10,23,0),
(1234,10,24,0),
(1235,10,25,0),
(1236,10,26,0),
(1237,10,27,0),
(1238,10,28,0),
(1239,10,29,0),
(1240,10,30,0),
(1241,10,31,0),
(1242,10,32,0),
(1243,10,33,0),
(1244,10,34,0),
(1245,10,35,0),
(1246,10,36,0),
(1247,10,37,0),
(1248,10,38,0),
(1249,10,39,0),
(1250,10,40,0),
(1251,10,41,0),
(1252,10,42,0),
(1253,10,43,0),
(1254,10,44,0),
(1255,10,45,0),
(1256,10,46,0),
(1257,10,47,0),
(1258,10,48,0),
(1259,10,49,0),
(1260,10,50,0),
(1261,10,51,0),
(1262,10,52,0),
(1263,10,53,0),
(1264,10,54,0),
(1265,10,55,0),
(1266,10,56,0),
(1267,10,57,0),
(1268,10,58,0),
(1269,10,59,0),
(1270,10,60,0),
(1271,10,61,0),
(1272,10,62,0),
(1273,10,63,0),
(1274,10,64,0),
(1275,10,65,0),
(1276,10,66,0),
(1277,10,67,0),
(1278,10,68,0),
(1279,10,69,0),
(1280,10,70,0),
(1281,10,71,0),
(1282,10,72,0),
(1283,10,73,0),
(1284,10,74,0),
(1285,10,75,0),
(1286,10,76,0),
(1287,10,77,0),
(1288,10,78,0),
(1289,10,79,0),
(1290,10,80,0),
(1291,10,81,0),
(1292,10,82,0),
(1293,10,83,0),
(1294,10,84,0),
(1295,10,85,0),
(1296,11,1,1),
(1297,11,2,1),
(1298,11,3,1),
(1299,11,4,1),
(1300,11,5,1),
(1301,11,6,0),
(1302,11,7,0),
(1303,11,8,0),
(1304,11,9,0),
(1305,11,10,0),
(1306,11,11,0),
(1307,11,12,0),
(1308,11,13,0),
(1309,11,14,0),
(1310,11,15,0),
(1311,11,16,0),
(1312,11,17,0),
(1313,11,18,0),
(1314,11,19,0),
(1315,11,20,0),
(1316,11,21,0),
(1317,11,22,0),
(1318,11,23,0),
(1319,11,24,0),
(1320,11,25,0),
(1321,11,26,0),
(1322,11,27,0),
(1323,11,28,0),
(1324,11,29,0),
(1325,11,30,0),
(1326,11,31,0),
(1327,11,32,0),
(1328,11,33,0),
(1329,11,34,0),
(1330,11,35,0),
(1331,11,36,0),
(1332,11,37,0),
(1333,11,38,0),
(1334,11,39,0),
(1335,11,40,0),
(1336,11,41,0),
(1337,11,42,0),
(1338,11,43,0),
(1339,11,44,0),
(1340,11,45,0),
(1341,11,46,0),
(1342,11,47,0),
(1343,11,48,0),
(1344,11,49,0),
(1345,11,50,0),
(1346,11,51,0),
(1347,11,52,0),
(1348,11,53,0),
(1349,11,54,0),
(1350,11,55,0),
(1351,11,56,0),
(1352,11,57,0),
(1353,11,58,0),
(1354,11,59,0),
(1355,11,60,0),
(1356,11,61,0),
(1357,11,62,0),
(1358,11,63,0),
(1359,11,64,0),
(1360,11,65,0),
(1361,11,66,0),
(1362,11,67,0),
(1363,11,68,0),
(1364,11,69,0),
(1365,11,70,0),
(1366,11,71,0),
(1367,11,72,0),
(1368,11,73,0),
(1369,11,74,0),
(1370,11,75,0),
(1371,11,76,0),
(1372,11,77,0),
(1373,11,78,0),
(1374,11,79,0),
(1375,11,80,0),
(1376,11,81,0),
(1377,11,82,0),
(1378,11,83,0),
(1379,11,84,0),
(1380,11,85,0),
(1381,11,86,0),
(1382,11,87,0),
(1383,11,88,0),
(1384,11,89,0),
(1385,11,90,0),
(1386,11,91,0),
(1387,11,92,0),
(1388,11,93,0),
(1389,11,94,0),
(1390,11,95,0),
(1391,11,96,0),
(1392,11,97,0),
(1393,11,98,0),
(1394,11,99,0),
(1395,11,100,0),
(1396,11,101,0),
(1397,11,102,0),
(1398,11,103,0),
(1399,11,104,0),
(1400,11,105,0),
(1401,11,106,0),
(1402,11,107,0),
(1403,11,108,0),
(1404,11,109,0),
(1405,11,110,0),
(1406,12,1,1),
(1407,12,2,1),
(1408,12,3,1),
(1409,12,4,1),
(1410,12,5,1),
(1411,12,6,1),
(1412,12,7,1),
(1413,12,8,0),
(1414,12,9,0),
(1415,12,10,0),
(1416,12,11,0),
(1417,12,12,0),
(1418,12,13,0),
(1419,12,14,0),
(1420,12,15,0),
(1421,12,16,0),
(1422,12,17,0),
(1423,12,18,0),
(1424,12,19,0),
(1425,12,20,0),
(1426,12,21,0),
(1427,12,22,0),
(1428,12,23,0),
(1429,12,24,0),
(1430,12,25,0),
(1431,12,26,0),
(1432,12,27,0),
(1433,12,28,0),
(1434,12,29,0),
(1435,12,30,0),
(1436,12,31,0),
(1437,12,32,0),
(1438,12,33,0),
(1439,12,34,0),
(1440,12,35,0),
(1441,12,36,0),
(1442,12,37,0),
(1443,12,38,0),
(1444,12,39,0),
(1445,12,40,0),
(1446,12,41,0),
(1447,12,42,0),
(1448,12,43,0),
(1449,12,44,0),
(1450,12,45,0),
(1451,12,46,0),
(1452,12,47,0),
(1453,12,48,0),
(1454,12,49,0),
(1455,12,50,0),
(1456,12,51,0),
(1457,12,52,0),
(1458,12,53,0),
(1459,12,54,0),
(1460,12,55,0),
(1461,12,56,0),
(1462,12,57,0),
(1463,12,58,0),
(1464,12,59,0),
(1465,12,60,0),
(1466,12,61,0),
(1467,12,62,0),
(1468,12,63,0),
(1469,12,64,0),
(1470,12,65,0),
(1471,12,66,0),
(1472,12,67,0),
(1473,12,68,0),
(1474,12,69,0),
(1475,12,70,0),
(1476,12,71,0),
(1477,12,72,0),
(1478,12,73,0),
(1479,12,74,0),
(1480,12,75,0),
(1481,12,76,0),
(1482,12,77,0),
(1483,12,78,0),
(1484,12,79,0),
(1485,12,80,0),
(1486,12,81,0),
(1487,12,82,0),
(1488,12,83,0),
(1489,12,84,0),
(1490,12,85,0),
(1491,12,86,0),
(1492,12,87,0),
(1493,12,88,0),
(1494,12,89,0),
(1495,12,90,0),
(1496,12,91,0),
(1497,12,92,0),
(1498,12,93,0),
(1499,12,94,0),
(1500,12,95,0),
(1501,12,96,0),
(1502,12,97,0),
(1503,12,98,0),
(1504,12,99,0),
(1505,12,100,0),
(1506,12,101,0),
(1507,12,102,0),
(1508,12,103,0),
(1509,12,104,0),
(1510,12,105,0),
(1511,12,106,0),
(1512,12,107,0),
(1513,12,108,0),
(1514,12,109,0),
(1515,12,110,0),
(1516,12,111,0),
(1517,12,112,0),
(1518,12,113,0),
(1519,12,114,0),
(1520,12,115,0),
(1521,12,116,0),
(1522,12,117,0),
(1523,12,118,0),
(1524,12,119,0),
(1525,12,120,0),
(1526,12,121,0),
(1527,12,122,0),
(1528,12,123,0),
(1529,12,124,0),
(1530,12,125,0),
(1531,12,126,0),
(1532,12,127,0),
(1533,12,128,0),
(1534,12,129,0),
(1535,12,130,0),
(1536,12,131,0),
(1537,12,132,0),
(1538,12,133,0),
(1539,12,134,0),
(1540,12,135,0),
(1541,12,136,0),
(1542,12,137,0),
(1543,12,138,0),
(1544,12,139,0),
(1545,12,140,0),
(1546,13,1,1),
(1547,13,2,1),
(1548,13,3,1),
(1549,13,4,0),
(1550,13,5,0),
(1551,13,6,0),
(1552,13,7,0),
(1553,13,8,0),
(1554,13,9,0),
(1555,13,10,0),
(1556,13,11,0),
(1557,13,12,0),
(1558,13,13,0),
(1559,13,14,0),
(1560,13,15,0),
(1561,13,16,0),
(1562,13,17,0),
(1563,13,18,0),
(1564,13,19,0),
(1565,13,20,0),
(1566,13,21,0),
(1567,13,22,0),
(1568,13,23,0),
(1569,13,24,0),
(1570,13,25,0),
(1571,13,26,0),
(1572,13,27,0),
(1573,13,28,0),
(1574,13,29,0),
(1575,13,30,0),
(1576,13,31,0),
(1577,13,32,0),
(1578,13,33,0),
(1579,13,34,0),
(1580,13,35,0),
(1581,13,36,0),
(1582,13,37,0),
(1583,13,38,0),
(1584,13,39,0),
(1585,13,40,0),
(1586,13,41,0),
(1587,13,42,0),
(1588,13,43,0),
(1589,13,44,0),
(1590,13,45,0),
(1591,13,46,0),
(1592,13,47,0),
(1593,13,48,0),
(1594,13,49,0),
(1595,13,50,0),
(1596,13,51,0),
(1597,13,52,0),
(1598,13,53,0),
(1599,13,54,0),
(1600,13,55,0),
(1601,13,56,0),
(1602,13,57,0),
(1603,13,58,0),
(1604,13,59,0),
(1605,13,60,0),
(1606,13,61,0),
(1607,13,62,0),
(1608,13,63,0),
(1609,13,64,0),
(1610,13,65,0),
(1611,13,66,0),
(1612,13,67,0),
(1613,13,68,0),
(1614,13,69,0),
(1615,13,70,0),
(1616,13,71,0),
(1617,13,72,0),
(1618,13,73,0),
(1619,13,74,0),
(1620,13,75,0),
(1621,14,1,1),
(1622,14,2,1),
(1623,14,3,1),
(1624,14,4,1),
(1625,14,5,0),
(1626,14,6,0),
(1627,14,7,0),
(1628,14,8,0),
(1629,14,9,0),
(1630,14,10,0),
(1631,14,11,0),
(1632,14,12,0),
(1633,14,13,0),
(1634,14,14,0),
(1635,14,15,0),
(1636,14,16,0),
(1637,14,17,0),
(1638,14,18,0),
(1639,14,19,0),
(1640,14,20,0),
(1641,14,21,0),
(1642,14,22,0),
(1643,14,23,0),
(1644,14,24,0),
(1645,14,25,0),
(1646,14,26,0),
(1647,14,27,0),
(1648,14,28,0),
(1649,14,29,0),
(1650,14,30,0),
(1651,14,31,0),
(1652,14,32,0),
(1653,14,33,0),
(1654,14,34,0),
(1655,14,35,0),
(1656,14,36,0),
(1657,14,37,0),
(1658,14,38,0),
(1659,14,39,0),
(1660,14,40,0),
(1661,14,41,0),
(1662,14,42,0),
(1663,14,43,0),
(1664,14,44,0),
(1665,14,45,0),
(1666,14,46,0),
(1667,14,47,0),
(1668,14,48,0),
(1669,14,49,0),
(1670,14,50,0),
(1671,14,51,0),
(1672,14,52,0),
(1673,14,53,0),
(1674,14,54,0),
(1675,14,55,0),
(1676,14,56,0),
(1677,14,57,0),
(1678,14,58,0),
(1679,14,59,0),
(1680,14,60,0),
(1681,14,61,0),
(1682,14,62,0),
(1683,14,63,0),
(1684,14,64,0),
(1685,14,65,0),
(1686,14,66,0),
(1687,14,67,0),
(1688,14,68,0),
(1689,14,69,0),
(1690,14,70,0),
(1691,14,71,0),
(1692,14,72,0),
(1693,14,73,0),
(1694,14,74,0),
(1695,14,75,0),
(1696,14,76,0),
(1697,14,77,0),
(1698,14,78,0),
(1699,14,79,0),
(1700,14,80,0),
(1701,14,81,0),
(1702,14,82,0),
(1703,14,83,0),
(1704,14,84,0),
(1705,14,85,0),
(1706,14,86,0),
(1707,14,87,0),
(1708,14,88,0),
(1709,14,89,0),
(1710,14,90,0),
(1711,14,91,0),
(1712,14,92,0),
(1713,14,93,0),
(1714,14,94,0),
(1715,14,95,0),
(1716,15,1,1),
(1717,15,2,1),
(1718,15,3,1),
(1719,15,4,1),
(1720,15,5,1),
(1721,15,6,1),
(1722,15,7,0),
(1723,15,8,0),
(1724,15,9,0),
(1725,15,10,0),
(1726,15,11,0),
(1727,15,12,0),
(1728,15,13,0),
(1729,15,14,0),
(1730,15,15,0),
(1731,15,16,0),
(1732,15,17,0),
(1733,15,18,0),
(1734,15,19,0),
(1735,15,20,0),
(1736,15,21,0),
(1737,15,22,0),
(1738,15,23,0),
(1739,15,24,0),
(1740,15,25,0),
(1741,15,26,0),
(1742,15,27,0),
(1743,15,28,0),
(1744,15,29,0),
(1745,15,30,0),
(1746,15,31,0),
(1747,15,32,0),
(1748,15,33,0),
(1749,15,34,0),
(1750,15,35,0),
(1751,15,36,0),
(1752,15,37,0),
(1753,15,38,0),
(1754,15,39,0),
(1755,15,40,0),
(1756,15,41,0),
(1757,15,42,0),
(1758,15,43,0),
(1759,15,44,0),
(1760,15,45,0),
(1761,15,46,0),
(1762,15,47,0),
(1763,15,48,0),
(1764,15,49,0),
(1765,15,50,0),
(1766,15,51,0),
(1767,15,52,0),
(1768,15,53,0),
(1769,15,54,0),
(1770,15,55,0),
(1771,15,56,0),
(1772,15,57,0),
(1773,15,58,0),
(1774,15,59,0),
(1775,15,60,0),
(1776,15,61,0),
(1777,15,62,0),
(1778,15,63,0),
(1779,15,64,0),
(1780,15,65,0),
(1781,15,66,0),
(1782,15,67,0),
(1783,15,68,0),
(1784,15,69,0),
(1785,15,70,0),
(1786,15,71,0),
(1787,15,72,0),
(1788,15,73,0),
(1789,15,74,0),
(1790,15,75,0),
(1791,15,76,0),
(1792,15,77,0),
(1793,15,78,0),
(1794,15,79,0),
(1795,15,80,0),
(1796,15,81,0),
(1797,15,82,0),
(1798,15,83,0),
(1799,15,84,0),
(1800,15,85,0),
(1801,15,86,0),
(1802,15,87,0),
(1803,15,88,0),
(1804,15,89,0),
(1805,15,90,0),
(1806,15,91,0),
(1807,15,92,0),
(1808,15,93,0),
(1809,15,94,0),
(1810,15,95,0),
(1811,15,96,0),
(1812,15,97,0),
(1813,15,98,0),
(1814,15,99,0),
(1815,15,100,0),
(1816,15,101,0),
(1817,15,102,0),
(1818,15,103,0),
(1819,15,104,0),
(1820,15,105,0),
(1821,15,106,0),
(1822,15,107,0),
(1823,15,108,0),
(1824,15,109,0),
(1825,15,110,0),
(1826,15,111,0),
(1827,15,112,0),
(1828,15,113,0),
(1829,15,114,0),
(1830,15,115,0),
(1831,15,116,0),
(1832,15,117,0),
(1833,15,118,0),
(1834,15,119,0),
(1835,15,120,0),
(1836,15,121,0),
(1837,15,122,0),
(1838,15,123,0),
(1839,15,124,0),
(1840,15,125,0),
(1841,15,126,0),
(1842,15,127,0),
(1843,15,128,0),
(1844,15,129,0),
(1845,15,130,0),
(1846,16,1,1),
(1847,16,2,1),
(1848,16,3,1),
(1849,16,4,1),
(1850,16,5,1),
(1851,16,6,1),
(1852,16,7,1),
(1853,16,8,1),
(1854,16,9,1),
(1855,16,10,0),
(1856,16,11,0),
(1857,16,12,0),
(1858,16,13,0),
(1859,16,14,0),
(1860,16,15,0),
(1861,16,16,0),
(1862,16,17,0),
(1863,16,18,0),
(1864,16,19,0),
(1865,16,20,0),
(1866,16,21,0),
(1867,16,22,0),
(1868,16,23,0),
(1869,16,24,0),
(1870,16,25,0),
(1871,16,26,0),
(1872,16,27,0),
(1873,16,28,0),
(1874,16,29,0),
(1875,16,30,0),
(1876,16,31,0),
(1877,16,32,0),
(1878,16,33,0),
(1879,16,34,0),
(1880,16,35,0),
(1881,16,36,0),
(1882,16,37,0),
(1883,16,38,0),
(1884,16,39,0),
(1885,16,40,0),
(1886,16,41,0),
(1887,16,42,0),
(1888,16,43,0),
(1889,16,44,0),
(1890,16,45,0),
(1891,16,46,0),
(1892,16,47,0),
(1893,16,48,0),
(1894,16,49,0),
(1895,16,50,0),
(1896,16,51,0),
(1897,16,52,0),
(1898,16,53,0),
(1899,16,54,0),
(1900,16,55,0),
(1901,16,56,0),
(1902,16,57,0),
(1903,16,58,0),
(1904,16,59,0),
(1905,16,60,0),
(1906,16,61,0),
(1907,16,62,0),
(1908,16,63,0),
(1909,16,64,0),
(1910,16,65,0),
(1911,16,66,0),
(1912,16,67,0),
(1913,16,68,0),
(1914,16,69,0),
(1915,16,70,0),
(1916,16,71,0),
(1917,16,72,0),
(1918,16,73,0),
(1919,16,74,0),
(1920,16,75,0),
(1921,16,76,0),
(1922,16,77,0),
(1923,16,78,0),
(1924,16,79,0),
(1925,16,80,0),
(1926,16,81,0),
(1927,16,82,0),
(1928,16,83,0),
(1929,16,84,0),
(1930,16,85,0),
(1931,16,86,0),
(1932,16,87,0),
(1933,16,88,0),
(1934,16,89,0),
(1935,16,90,0),
(1936,16,91,0),
(1937,16,92,0),
(1938,16,93,0),
(1939,16,94,0),
(1940,16,95,0),
(1941,16,96,0),
(1942,16,97,0),
(1943,16,98,0),
(1944,16,99,0),
(1945,16,100,0),
(1946,16,101,0),
(1947,16,102,0),
(1948,16,103,0),
(1949,16,104,0),
(1950,16,105,0),
(1951,16,106,0),
(1952,16,107,0),
(1953,16,108,0),
(1954,16,109,0),
(1955,16,110,0),
(1956,16,111,0),
(1957,16,112,0),
(1958,16,113,0),
(1959,16,114,0),
(1960,16,115,0),
(1961,16,116,0),
(1962,16,117,0),
(1963,16,118,0),
(1964,16,119,0),
(1965,16,120,0),
(1966,16,121,0),
(1967,16,122,0),
(1968,16,123,0),
(1969,16,124,0),
(1970,16,125,0),
(1971,16,126,0),
(1972,16,127,0),
(1973,16,128,0),
(1974,16,129,0),
(1975,16,130,0),
(1976,16,131,0),
(1977,16,132,0),
(1978,16,133,0),
(1979,16,134,0),
(1980,16,135,0),
(1981,16,136,0),
(1982,16,137,0),
(1983,16,138,0),
(1984,16,139,0),
(1985,16,140,0),
(1986,16,141,0),
(1987,16,142,0),
(1988,16,143,0),
(1989,16,144,0),
(1990,16,145,0),
(1991,16,146,0),
(1992,16,147,0),
(1993,16,148,0),
(1994,16,149,0),
(1995,16,150,0),
(1996,16,151,0),
(1997,16,152,0),
(1998,16,153,0),
(1999,16,154,0),
(2000,16,155,0),
(2001,16,156,0),
(2002,16,157,0),
(2003,16,158,0),
(2004,16,159,0),
(2005,16,160,0),
(2006,16,161,0),
(2007,16,162,0),
(2008,16,163,0),
(2009,16,164,0),
(2010,16,165,0),
(2011,16,166,0),
(2012,16,167,0),
(2013,16,168,0),
(2014,16,169,0),
(2015,16,170,0),
(2016,16,171,0),
(2017,16,172,0),
(2018,16,173,0),
(2019,16,174,0),
(2020,16,175,0),
(2021,16,176,0),
(2022,16,177,0),
(2023,16,178,0),
(2024,16,179,0),
(2025,16,180,0),
(2026,16,181,0),
(2027,16,182,0),
(2028,16,183,0),
(2029,16,184,0),
(2030,16,185,0),
(2031,16,186,0),
(2032,16,187,0),
(2033,16,188,0),
(2034,16,189,0),
(2035,16,190,0),
(2036,17,1,1),
(2037,17,2,1),
(2038,17,3,1),
(2039,17,4,1),
(2040,17,5,1),
(2041,17,6,0),
(2042,17,7,0),
(2043,17,8,0),
(2044,17,9,0),
(2045,17,10,0),
(2046,17,11,0),
(2047,17,12,0),
(2048,17,13,0),
(2049,17,14,0),
(2050,17,15,0),
(2051,17,16,0),
(2052,17,17,0),
(2053,17,18,0),
(2054,17,19,0),
(2055,17,20,0),
(2056,17,21,0),
(2057,17,22,0),
(2058,17,23,0),
(2059,17,24,0),
(2060,17,25,0),
(2061,17,26,0),
(2062,17,27,0),
(2063,17,28,0),
(2064,17,29,0),
(2065,17,30,0),
(2066,17,31,0),
(2067,17,32,0),
(2068,17,33,0),
(2069,17,34,0),
(2070,17,35,0),
(2071,17,36,0),
(2072,17,37,0),
(2073,17,38,0),
(2074,17,39,0),
(2075,17,40,0),
(2076,17,41,0),
(2077,17,42,0),
(2078,17,43,0),
(2079,17,44,0),
(2080,17,45,0),
(2081,17,46,0),
(2082,17,47,0),
(2083,17,48,0),
(2084,17,49,0),
(2085,17,50,0),
(2086,17,51,0),
(2087,17,52,0),
(2088,17,53,0),
(2089,17,54,0),
(2090,17,55,0),
(2091,17,56,0),
(2092,17,57,0),
(2093,17,58,0),
(2094,17,59,0),
(2095,17,60,0),
(2096,17,61,0),
(2097,17,62,0),
(2098,17,63,0),
(2099,17,64,0),
(2100,17,65,0),
(2101,17,66,0),
(2102,17,67,0),
(2103,17,68,0),
(2104,17,69,0),
(2105,17,70,0),
(2106,17,71,0),
(2107,17,72,0),
(2108,17,73,0),
(2109,17,74,0),
(2110,17,75,0),
(2111,17,76,0),
(2112,17,77,0),
(2113,17,78,0),
(2114,17,79,0),
(2115,17,80,0),
(2116,17,81,0),
(2117,17,82,0),
(2118,17,83,0),
(2119,17,84,0),
(2120,17,85,0),
(2121,17,86,0),
(2122,17,87,0),
(2123,17,88,0),
(2124,17,89,0),
(2125,17,90,0),
(2126,17,91,0),
(2127,17,92,0),
(2128,17,93,0),
(2129,17,94,0),
(2130,17,95,0),
(2131,17,96,0),
(2132,17,97,0),
(2133,17,98,0),
(2134,17,99,0),
(2135,17,100,0),
(2136,17,101,0),
(2137,17,102,0),
(2138,17,103,0),
(2139,17,104,0),
(2140,17,105,0),
(2141,18,1,1),
(2142,18,2,1),
(2143,18,3,1),
(2144,18,4,1),
(2145,18,5,1),
(2146,18,6,1),
(2147,18,7,1),
(2148,18,8,0),
(2149,18,9,0),
(2150,18,10,0),
(2151,18,11,0),
(2152,18,12,0),
(2153,18,13,0),
(2154,18,14,0),
(2155,18,15,0),
(2156,18,16,0),
(2157,18,17,0),
(2158,18,18,0),
(2159,18,19,0),
(2160,18,20,0),
(2161,18,21,0),
(2162,18,22,0),
(2163,18,23,0),
(2164,18,24,0),
(2165,18,25,0),
(2166,18,26,0),
(2167,18,27,0),
(2168,18,28,0),
(2169,18,29,0),
(2170,18,30,0),
(2171,18,31,0),
(2172,18,32,0),
(2173,18,33,0),
(2174,18,34,0),
(2175,18,35,0),
(2176,18,36,0),
(2177,18,37,0),
(2178,18,38,0),
(2179,18,39,0),
(2180,18,40,0),
(2181,18,41,0),
(2182,18,42,0),
(2183,18,43,0),
(2184,18,44,0),
(2185,18,45,0),
(2186,18,46,0),
(2187,18,47,0),
(2188,18,48,0),
(2189,18,49,0),
(2190,18,50,0),
(2191,18,51,0),
(2192,18,52,0),
(2193,18,53,0),
(2194,18,54,0),
(2195,18,55,0),
(2196,18,56,0),
(2197,18,57,0),
(2198,18,58,0),
(2199,18,59,0),
(2200,18,60,0),
(2201,18,61,0),
(2202,18,62,0),
(2203,18,63,0),
(2204,18,64,0),
(2205,18,65,0),
(2206,18,66,0),
(2207,18,67,0),
(2208,18,68,0),
(2209,18,69,0),
(2210,18,70,0),
(2211,18,71,0),
(2212,18,72,0),
(2213,18,73,0),
(2214,18,74,0),
(2215,18,75,0),
(2216,18,76,0),
(2217,18,77,0),
(2218,18,78,0),
(2219,18,79,0),
(2220,18,80,0),
(2221,18,81,0),
(2222,18,82,0),
(2223,18,83,0),
(2224,18,84,0),
(2225,18,85,0),
(2226,18,86,0),
(2227,18,87,0),
(2228,18,88,0),
(2229,18,89,0),
(2230,18,90,0),
(2231,18,91,0),
(2232,18,92,0),
(2233,18,93,0),
(2234,18,94,0),
(2235,18,95,0),
(2236,18,96,0),
(2237,18,97,0),
(2238,18,98,0),
(2239,18,99,0),
(2240,18,100,0),
(2241,18,101,0),
(2242,18,102,0),
(2243,18,103,0),
(2244,18,104,0),
(2245,18,105,0),
(2246,18,106,0),
(2247,18,107,0),
(2248,18,108,0),
(2249,18,109,0),
(2250,18,110,0),
(2251,18,111,0),
(2252,18,112,0),
(2253,18,113,0),
(2254,18,114,0),
(2255,18,115,0),
(2256,18,116,0),
(2257,18,117,0),
(2258,18,118,0),
(2259,18,119,0),
(2260,18,120,0),
(2261,18,121,0),
(2262,18,122,0),
(2263,18,123,0),
(2264,18,124,0),
(2265,18,125,0),
(2266,18,126,0),
(2267,18,127,0),
(2268,18,128,0),
(2269,18,129,0),
(2270,18,130,0),
(2271,18,131,0),
(2272,18,132,0),
(2273,18,133,0),
(2274,18,134,0),
(2275,18,135,0),
(2276,18,136,0),
(2277,18,137,0),
(2278,18,138,0),
(2279,18,139,0),
(2280,18,140,0),
(2281,18,141,0),
(2282,18,142,0),
(2283,18,143,0),
(2284,18,144,0),
(2285,18,145,0),
(2286,19,1,1),
(2287,19,2,1),
(2288,19,3,1),
(2289,19,4,1),
(2290,19,5,1),
(2291,19,6,1),
(2292,19,7,1),
(2293,19,8,1),
(2294,19,9,1),
(2295,19,10,1),
(2296,19,11,0),
(2297,19,12,0),
(2298,19,13,0),
(2299,19,14,0),
(2300,19,15,0),
(2301,19,16,0),
(2302,19,17,0),
(2303,19,18,0),
(2304,19,19,0),
(2305,19,20,0),
(2306,19,21,0),
(2307,19,22,0),
(2308,19,23,0),
(2309,19,24,0),
(2310,19,25,0),
(2311,19,26,0),
(2312,19,27,0),
(2313,19,28,0),
(2314,19,29,0),
(2315,19,30,0),
(2316,19,31,0),
(2317,19,32,0),
(2318,19,33,0),
(2319,19,34,0),
(2320,19,35,0),
(2321,19,36,0),
(2322,19,37,0),
(2323,19,38,0),
(2324,19,39,0),
(2325,19,40,0),
(2326,19,41,0),
(2327,19,42,0),
(2328,19,43,0),
(2329,19,44,0),
(2330,19,45,0),
(2331,19,46,0),
(2332,19,47,0),
(2333,19,48,0),
(2334,19,49,0),
(2335,19,50,0),
(2336,19,51,0),
(2337,19,52,0),
(2338,19,53,0),
(2339,19,54,0),
(2340,19,55,0),
(2341,19,56,0),
(2342,19,57,0),
(2343,19,58,0),
(2344,19,59,0),
(2345,19,60,0),
(2346,19,61,0),
(2347,19,62,0),
(2348,19,63,0),
(2349,19,64,0),
(2350,19,65,0),
(2351,19,66,0),
(2352,19,67,0),
(2353,19,68,0),
(2354,19,69,0),
(2355,19,70,0),
(2356,19,71,0),
(2357,19,72,0),
(2358,19,73,0),
(2359,19,74,0),
(2360,19,75,0),
(2361,19,76,0),
(2362,19,77,0),
(2363,19,78,0),
(2364,19,79,0),
(2365,19,80,0),
(2366,19,81,0),
(2367,19,82,0),
(2368,19,83,0),
(2369,19,84,0),
(2370,19,85,0),
(2371,19,86,0),
(2372,19,87,0),
(2373,19,88,0),
(2374,19,89,0),
(2375,19,90,0),
(2376,19,91,0),
(2377,19,92,0),
(2378,19,93,0),
(2379,19,94,0),
(2380,19,95,0),
(2381,19,96,0),
(2382,19,97,0),
(2383,19,98,0),
(2384,19,99,0),
(2385,19,100,0),
(2386,19,101,0),
(2387,19,102,0),
(2388,19,103,0),
(2389,19,104,0),
(2390,19,105,0),
(2391,19,106,0),
(2392,19,107,0),
(2393,19,108,0),
(2394,19,109,0),
(2395,19,110,0),
(2396,19,111,0),
(2397,19,112,0),
(2398,19,113,0),
(2399,19,114,0),
(2400,19,115,0),
(2401,19,116,0),
(2402,19,117,0),
(2403,19,118,0),
(2404,19,119,0),
(2405,19,120,0),
(2406,19,121,0),
(2407,19,122,0),
(2408,19,123,0),
(2409,19,124,0),
(2410,19,125,0),
(2411,19,126,0),
(2412,19,127,0),
(2413,19,128,0),
(2414,19,129,0),
(2415,19,130,0),
(2416,19,131,0),
(2417,19,132,0),
(2418,19,133,0),
(2419,19,134,0),
(2420,19,135,0),
(2421,19,136,0),
(2422,19,137,0),
(2423,19,138,0),
(2424,19,139,0),
(2425,19,140,0),
(2426,19,141,0),
(2427,19,142,0),
(2428,19,143,0),
(2429,19,144,0),
(2430,19,145,0),
(2431,19,146,0),
(2432,19,147,0),
(2433,19,148,0),
(2434,19,149,0),
(2435,19,150,0),
(2436,19,151,0),
(2437,19,152,0),
(2438,19,153,0),
(2439,19,154,0),
(2440,19,155,0),
(2441,19,156,0),
(2442,19,157,0),
(2443,19,158,0),
(2444,19,159,0),
(2445,19,160,0),
(2446,19,161,0),
(2447,19,162,0),
(2448,19,163,0),
(2449,19,164,0),
(2450,19,165,0),
(2451,19,166,0),
(2452,19,167,0),
(2453,19,168,0),
(2454,19,169,0),
(2455,19,170,0),
(2456,19,171,0),
(2457,19,172,0),
(2458,19,173,0),
(2459,19,174,0),
(2460,19,175,0),
(2461,19,176,0),
(2462,19,177,0),
(2463,19,178,0),
(2464,19,179,0),
(2465,19,180,0),
(2466,19,181,0),
(2467,19,182,0),
(2468,19,183,0),
(2469,19,184,0),
(2470,19,185,0),
(2471,19,186,0),
(2472,19,187,0),
(2473,19,188,0),
(2474,19,189,0),
(2475,19,190,0),
(2476,19,191,0),
(2477,19,192,0),
(2478,19,193,0),
(2479,19,194,0),
(2480,19,195,0),
(2481,19,196,0),
(2482,19,197,0),
(2483,19,198,0),
(2484,19,199,0),
(2485,19,200,0),
(2486,19,201,0),
(2487,19,202,0),
(2488,19,203,0),
(2489,19,204,0),
(2490,19,205,0),
(2491,19,206,0),
(2492,19,207,0),
(2493,19,208,0),
(2494,19,209,0),
(2495,19,210,0),
(2496,20,1,1),
(2497,20,2,1),
(2498,20,3,1),
(2499,20,4,0),
(2500,20,5,0),
(2501,20,6,0),
(2502,20,7,0),
(2503,20,8,0),
(2504,20,9,0),
(2505,20,10,0),
(2506,20,11,0),
(2507,20,12,0),
(2508,20,13,0),
(2509,20,14,0),
(2510,20,15,0),
(2511,20,16,0),
(2512,20,17,0),
(2513,20,18,0),
(2514,20,19,0),
(2515,20,20,0),
(2516,20,21,0),
(2517,20,22,0),
(2518,20,23,0),
(2519,20,24,0),
(2520,20,25,0),
(2521,20,26,0),
(2522,20,27,0),
(2523,20,28,0),
(2524,20,29,0),
(2525,20,30,0),
(2526,20,31,0),
(2527,20,32,0),
(2528,20,33,0),
(2529,20,34,0),
(2530,20,35,0),
(2531,20,36,0),
(2532,20,37,0),
(2533,20,38,0),
(2534,20,39,0),
(2535,20,40,0),
(2536,20,41,0),
(2537,20,42,0),
(2538,20,43,0),
(2539,20,44,0),
(2540,20,45,0),
(2541,20,46,0),
(2542,20,47,0),
(2543,20,48,0),
(2544,20,49,0),
(2545,20,50,0),
(2546,20,51,0),
(2547,20,52,0),
(2548,20,53,0),
(2549,20,54,0),
(2550,20,55,0),
(2551,20,56,0),
(2552,20,57,0),
(2553,20,58,0),
(2554,20,59,0),
(2555,20,60,0),
(2556,20,61,0),
(2557,20,62,0),
(2558,20,63,0),
(2559,20,64,0),
(2560,20,65,0),
(2561,20,66,0),
(2562,20,67,0),
(2563,20,68,0),
(2564,20,69,0),
(2565,20,70,0),
(2566,20,71,0),
(2567,20,72,0),
(2568,20,73,0),
(2569,20,74,0),
(2570,20,75,0),
(2571,20,76,0),
(2572,20,77,0),
(2573,20,78,0);
/*!40000 ALTER TABLE `seat` ENABLE KEYS */;
UNLOCK TABLES;

--
-- Dumping data for table `user`
--

LOCK TABLES `user` WRITE;
/*!40000 ALTER TABLE `user` DISABLE KEYS */;
INSERT INTO `user` VALUES
(1,'admin1@cine.com',null,'password123',0,'Jean','Dupont','admin','2024-12-28 17:43:41'),
(2,'admin2@cine.com',null,'password123',0,'Marie','Martin','admin','2024-12-28 17:43:41'),
(3,'admin3@cine.com',null,'password123',0,'Pierre','Bernard','admin','2024-12-28 17:43:41'),
(4,'admin4@cine.com',null,'password123',0,'Sophie','Petit','admin','2024-12-28 17:43:41'),
(5,'emp1@cine.com',null,'password123',0,'Luc','Leroy','employe','2024-12-28 17:43:41'),
(6,'emp2@cine.com',null,'password123',0,'Emma','Roux','employe','2024-12-28 17:43:41'),
(7,'emp3@cine.com',null,'password123',0,'Hugo','Vincent','employe','2024-12-28 17:43:41'),
(8,'emp4@cine.com',null,'password123',0,'Camille','Fournier','employe','2024-12-28 17:43:41'),
(9,'user1@example.com',null,'password123',0,'Alice','Dubois','employe','2024-12-28 17:45:37'),
(10,'user2@example.com',null,'password123',0,'Baptiste','Lefevre','user','2024-12-28 17:45:37'),
(11,'user3@example.com',null,'password123',0,'Camille','Moreau','user','2024-12-28 17:45:37'),
(12,'user4@example.com',null,'password123',0,'Daniel','Rousseau','user','2024-12-28 17:45:37');
/*!40000 ALTER TABLE `user` ENABLE KEYS */;
UNLOCK TABLES;
/*!40103 SET TIME_ZONE=@OLD_TIME_ZONE */;

/*!40101 SET SQL_MODE=@OLD_SQL_MODE */;
/*!40014 SET FOREIGN_KEY_CHECKS=@OLD_FOREIGN_KEY_CHECKS */;
/*!40101 SET CHARACTER_SET_CLIENT=@OLD_CHARACTER_SET_CLIENT */;
/*!40101 SET CHARACTER_SET_RESULTS=@OLD_CHARACTER_SET_RESULTS */;
/*!40101 SET COLLATION_CONNECTION=@OLD_COLLATION_CONNECTION */;
/*!40111 SET SQL_NOTES=@OLD_SQL_NOTES */;

-- Dump completed on 2025-01-06  9:16:49

COMMIT;